question,
"Does my insurance cover physical therapy?",
"Does my insurance cov er X-Rays at my doctor's office?",
"Does my insurance cover medications for depression?",
"Does my insurance cover medications for depression?",
"What does my insurance plan cover for maternity care?",
"Do you need a referral to see a specialist?",
"Will you pay less if you use a network provider?",
"What is not included in the out-of-pocket limit?",
"What is the out-of-pocket limit for this plan?",
"Are there other deductibles for specific services?",
"Are there services covered before you meet your deductible?",
"What is the overall deductible?"
